title,score,comms_num,timestamp
Times Square right now,493788,14112,2021-01-31 03:00:38
UPVOTE so everyone sees we got SUPPORT,339488,12806,2021-01-28 22:40:34
GME YOLO update â€” Jan 28 2021,301826,22925,2021-01-29 06:06:23
GME YOLO month-end update â€” Jan 2021,265526,19833,2021-01-30 06:04:45
Itâ€™s treason then,248690,4587,2021-01-30 08:40:59
"CLASS ACTION AGAINST ROBINHOOD. Allowing people to only sell is the definition of market manipulation. A class action must be started, Robinhood has made plenty of money off selling info about our trades to the hedge funds to be able to pay out a little for causing people to loose money now",228705,17764,2021-01-28 22:49:11
GME YOLO update â€” Feb 19 2021,225050,12838,2021-02-20 06:05:55
GME YOLO update â€” Jan 27 2021 --------------------------------------- guess i need 102 characters in title now,219116,14586,2021-01-28 06:15:35
GME YOLO update â€” Feb 1 2021,217854,17997,2021-02-02 06:07:36
IT'S POWER TO THE TRADERS NOW,216835,5621,2021-01-29 10:35:58
"Used some of my GME tendies to buy Nintendo Switches from Gamestop, then donated them to a Children's Hospital. Got featured on the local news and brought glory to WSB.",215437,6977,2021-01-30 11:53:40
Thatâ€™s what I thought,202726,4538,2021-01-30 09:24:35
Can we all take a moment and appreciate the Mods who have grinded through this and held our community together. Thank you.,197919,6789,2021-01-28 09:57:32
"It runs very deep, my friends.",194813,2762,2021-01-29 06:47:55
I am proud to do my part in paying forward our good fortune with a donation of 6 Nintendo Switches and games to go with them to the Childrenâ€™s Minnesota Hospital. Cant Stop. Wonâ€™t Stop. GameStop. (Still long 50 shares I WILL NOT SELL),190411,3793,2021-01-31 10:04:23
Crazy mannnnnnn. We can't let this slide at all,190407,2366,2021-01-29 03:42:01
Drew this for you my fellow retards ğŸ’ğŸ™ŒğŸ¼,186949,3446,2021-02-01 05:04:58
Mark Cuban spent nearly 2 hours answering questions in his AMA. And then immediately called into CNBC to defend WSB!,182545,4351,2021-02-03 01:25:43
Iâ€™m so proud of you all.,181484,2401,2021-01-29 06:33:21
WE'RE IN THE ENDGAME NOW,177683,6404,2021-01-29 17:21:42
GME YOLO update â€” Apr 16 2021 â€” final update,176333,17807,2021-04-17 05:20:13
WSB right now,173901,4124,2021-02-03 07:32:08
In honor of finally seeing the almighty u/deepfuckingvalue. We must now do our part in having him written in the history books as the greatest that WallStreetBets has ever seen.,173704,3710,2021-01-30 02:58:34
GME YOLO update â€” Mar 8 2021,172266,8048,2021-03-09 06:08:31
Congress might do something for once,168800,6643,2021-01-29 08:18:35
A message to WSB from the Director of the Dian Fossey Gorilla Fund!,167252,5893,2021-03-14 08:14:32
GME YOLO update â€” Feb 2 2021,161992,17330,2021-02-03 06:11:48
"Not sure if anyone posted this here, but yikes",161470,5703,2021-01-29 07:50:11
"Hey everyone, Its Mark Cuban. Jumping on to do an AMA.... so Ask Me Anything",159909,26209,2021-02-02 23:35:23
IMPORTANT!! THERE ARE NO SELLERS!!! DO NOT PANIC IF YOU SEE PRICE DROP HOLD THE LINE! UPVOTE SO PEOPLE DONâ€™T PANIC.,159205,4855,2021-01-29 00:50:05
Doing my part,158171,2768,2021-01-29 06:10:30
Our favourite analyst. ğŸš€ğŸš€ğŸ™ŒğŸ’ğŸŒ•,156554,4083,2021-01-31 04:46:11
Forever never dies ğŸ¥°,155405,2758,2021-01-31 11:36:00
In case you needed proof that there are imposters among us. A bot posting the same negative sentiment comment multiple times per minute ğŸŒˆğŸ»,152509,5882,2021-02-02 07:00:53
GME YOLO month-end update â€” Feb 2021,151025,7619,2021-02-27 06:07:18
Mic drop,150661,1798,2021-01-29 07:12:04
Fake news ğŸ¤£,149308,6009,2021-02-02 02:26:40
GME YOLO update â€” Feb 3 2021 â€“ heads up gonna back off the daily updates for now,148253,9928,2021-02-04 06:18:25
"WSB PIONEER. FEARLESS BAG HOLDER. BETTER THAN DIAMOND HANDS. RICHER THAN YOUR WIFEâ€™S BOYFRIENDâ€™S UNCLE. YES, THIS IS NONE OTHER THAN DEEPFUCKINGVALUE HIMSELF.",147571,5741,2021-01-30 01:10:59
"WSB, WHAT IS YOUR STRATEGY? ğŸ’âœ‹ğŸš€",146951,5124,2021-01-29 21:04:34
If I can hold at -$10MM then you can hold too. ğŸ’ğŸ™Œ,145456,6946,2021-01-29 01:11:24
"Today, Interactive Brokers CEO admits that without the buying restrictions, $GME would have gone up in to the thousands",145336,7818,2021-02-18 10:37:20
We are all the way up,144999,1964,2021-01-29 09:10:53
"An Open Letter to Melvin Capital, CNBC, Boomers, and WSB",144093,7574,2021-01-28 14:06:14
GameStop gear going to the new home at the Childrenâ€™s hospital of Atlanta Monday. POWER TO THE PLAYERS !,142615,2369,2021-03-28 21:34:40
PREACH,142447,2384,2021-01-28 03:29:26
"I don't need Fox Business to hold me accountable, but I'll take it!",140729,2440,2021-02-26 05:59:06
GME YOLO update â€” Jan 26 2021,140365,9277,2021-01-27 06:08:03
Like this post if you are holding!!ğŸ’ The real squeeze is yet to happenğŸš€,139439,6772,2021-01-29 01:30:30
First of many lawsuits I hope ğŸ¤ğŸ» out of this bullshit!!!! #DownWithTheHOOD,134709,5067,2021-01-29 02:39:53
Billboard! Went full retard!ğŸš€ğŸš€ North of Dallas along super busy I-35,133587,2307,2021-02-03 09:30:51
"Billboard in Oklahoma City, OK! If someone can rent out a billboard for GME you can hold your shares!!! ğŸ’ ğŸ–!!!! (Left watermark for credit)",132868,3214,2021-01-30 18:03:15
Charles Payne gets it!,131140,992,2021-01-29 01:07:39
GME YOLO update â€” Mar 23 2021,130625,8043,2021-03-24 06:30:31
"u/DeepFuckingValue is being asked to testify in the upcoming GameStop hearing. ""Diamond hands and tendies gonna enter the Congressional Record""",130030,5609,2021-02-04 08:43:48
Honor to Diamond Hands.,129697,2506,2021-01-30 04:20:06
"Cool, but why would they bother telling us?",129080,8582,2021-01-31 07:43:28
"Listen, itâ€™s easy",128457,3245,2021-02-06 11:18:11
CNN BACK. OFF. This is a LIE. Literally a 5 second scroll of our board would inform this to be untrue. EDUCATE yourselves!!!!!,127706,5924,2021-02-02 00:57:51
Welcome to the Endgame.,126886,5392,2021-01-30 23:38:11
Do you think he realized it YES OR NO,126639,3343,2021-02-19 22:55:48
You know something is about to go down when most members of Congress are United over Wall Street trying to fuck us.,124065,2693,2021-01-29 05:20:57
"$265,000 raised so far for Dian Fossey Gorilla Fund â¤ï¸#GMEToTheMoon #ApesStrongTogether ğŸŒğŸ¦ğŸš€ğŸŒ•",123577,2755,2021-03-16 02:13:37
"DFVâ€™s smile, heâ€™s watching all us apes support him.",122706,2773,2021-02-19 06:50:14
Oops,121784,1040,2021-01-29 00:06:40
Where do we go from here and who is going to step up to help us?,120958,26990,2021-01-28 09:36:02
DFV,120746,1097,2021-01-29 22:29:38
I'm a brown woman in WSB! What the heck is this article talking about?! ğŸ˜‚,120742,12364,2021-03-07 22:15:40
To the person that's the laughing stonk of their family.,117514,1327,2021-02-08 03:01:40
Pirates of the Wall-Streetibbean,117241,1331,2021-02-06 05:46:35
Just bought $1MM worth of $GME. My profits from years of trading. Letâ€™s stick it to the HFs! ğŸ¦ strong together. ğŸ’ ğŸ™Œ,117152,5030,2021-02-02 01:17:28
ğŸ’ğŸ™Œ Here is our DeepFuckingValue in WSB style - art by crossdogz ğŸš€ğŸš€,115635,2386,2021-01-31 23:36:07
"Huge shoutout to Kevin O'Leary: ""Definition of the market is speculation. If you are short you know run a new risk that these effective social media vigilantes are going to come after you and squeeze you and its good because it will make a lot of hedge funds think for a second time before shorting.""",115356,3262,2021-01-30 09:37:56
Adopted a Gorilla.,114542,1900,2021-03-13 10:23:03
"Good Morning to Everyone Except Robinhood, courtesy of @KasparCMS on Twitter",114111,1244,2021-01-31 03:07:36
"Donâ€™t listen to them, this is them trying to take focus away from GME",112737,5581,2021-02-01 19:34:07
RASHIDA IS WITH US,112557,3760,2021-01-29 00:08:02
"THIS GUY IS FLYING A BANNER SAYING ""SUCK MY NUTS ROBINHOOD""",112367,1815,2021-01-31 03:08:16
The Hero we need right now : FUCK ROBINHOOD!,111997,3413,2021-01-28 22:37:00
DO NOT SELL! Robinhood has blocked the buying of more shares. If you try to sell you will get fucked because who are you going to sell it to if nobody can buy it? They are trying to make you flood the market with sales offers and bring the price down. Dont fall for it!,110406,3927,2021-01-28 22:38:34
My 102 year old grandmother bought GME in August 1995 and held through all this time.,110118,3237,2021-02-02 22:29:24
"Inspired by many others, I hit a few GameStopâ€™s and got some Switchâ€™s, games, etc to donate to my local Childrenâ€™s Hospital. Thanks WSB, we like the stock!",109828,1752,2021-03-28 02:38:56
"Give them nothing, but take from them everything",108637,2593,2021-01-29 05:49:55
"Welcome, new money",108341,2197,2021-02-16 02:00:47
I asked my cat if I should buy or sell GME,108293,2127,2021-02-28 13:05:33
DIAMOND HANDS VS THE WORLD ğŸ’ğŸ¤ğŸ’ğŸ’SEE YALL ON THE MOON ğŸš€ğŸš€ğŸš€ğŸš€ğŸš€ğŸš€ğŸš€,108149,2019,2021-02-02 12:46:05
Justin Sun (Asian billionaire) has our back and is joining in.,107633,4003,2021-01-29 20:13:21
Finished my DIY project just in time for GME to ğŸš€ğŸš€ğŸš€ğŸš€ (percentages simulated to show movement in the video),107401,1751,2021-02-09 05:16:45
He said it!,107116,1557,2021-02-19 02:54:19
CNBC now running Ads promoting that Melvin Capital closed their short positions on $GME,106395,7090,2021-01-30 06:40:43
Never forget. Last year when this guy soldout the subreddit for personal gain now trying to take credit for your movement for the same reason. #cloutchaser,105257,5058,2021-01-31 01:50:00
"Mark Cuban said ""once the brokerage stops restricting trades, then we'll see what WSB is really made of"". Well, guess what? Robinhood has removed all restrictions.",105171,5880,2021-02-05 12:32:31
GME YOLO month-end update â€” Mar 2021,104796,3984,2021-04-01 05:10:33
GME Today...,103953,1658,2021-03-11 05:42:16
What a dumpster fire LOL,102920,2198,2022-11-11 11:19:27
DEEPFUCKINGVALUE just TWEETED! HOLD THE FUCKING LINE!!!!,102825,5060,2021-02-04 02:06:10
GME YOLO update â€” Mar 24 2021,102423,5687,2021-03-25 06:30:14
Today wasnâ€™t a bloodbath for $GME or $AMC. WE watched LITERAL insanity as Hedgies sat and traded their trash BACK and forth to each other in order to cause YOU to panic. HOLD. BUY.,102201,5892,2021-02-02 10:05:33
OUR SAVIOR KEEPS MAKING THE NEWS! DFV INSPIRES US ALL CUZ WE JUST LIKE THE STOCK! ğŸš€ğŸ™ŒğŸ¼ğŸˆ,101623,2476,2021-03-10 01:28:16
Who of my 300 brethren's are still in ?,101411,14286,2021-02-03 17:54:46
