title,score,id,url,comms_num,created,body,timestamp,upvote_ratio,author,subreddit,permalink,is_original_content,over_18,spoiler,locked,stickied
What a dumpster fire LOL,102920,yrynqm,https://i.redd.it/xtu8hqnte8z91.jpg,2198,1668133167.0,,2022-11-11 11:19:27,0.88,kmanifold,wallstreetbets,/r/wallstreetbets/comments/yrynqm/what_a_dumpster_fire_lol/,False,False,False,False,False
i am Dr Michael Burry,92578,uvb0yr,https://i.redd.it/fim4xpfw41191.jpg,4483,1653226245.0,,2022-05-22 22:30:45,0.9,Badinternetrapper,wallstreetbets,/r/wallstreetbets/comments/uvb0yr/i_am_dr_michael_burry/,False,False,False,False,False
ðŸš€,87708,sae688,https://i.redd.it/977pfcwhhbd81.jpg,844,1642891198.0,,2022-01-23 07:39:58,0.91,pauldm7,wallstreetbets,/r/wallstreetbets/comments/sae688/_/,False,False,False,False,False
Major recession indicator,86023,v4qkfd,https://i.redd.it/c9qjzi05cm391.jpg,2938,1654354620.0,,2022-06-04 23:57:00,0.92,[deleted],wallstreetbets,/r/wallstreetbets/comments/v4qkfd/major_recession_indicator/,False,False,False,False,False
"For every upvote Iâ€™ll buy 1 more share of $BBBY. If this gets 5,000 upvotes Iâ€™ll take a 50k loan to YOLO.",83780,wr10m8,https://i.redd.it/5lry9r5ofci91.jpg,1942,1660772459.0,,2022-08-18 06:40:59,0.79,CryptoFinderrrr,wallstreetbets,/r/wallstreetbets/comments/wr10m8/for_every_upvote_ill_buy_1_more_share_of_bbby_if/,False,False,False,False,False
Canâ€™t touch this JPow,76580,y7jtuk,https://i.redd.it/auc609niwmu91.jpg,4771,1666129374.0,,2022-10-19 06:42:54,0.92,eman2top,wallstreetbets,/r/wallstreetbets/comments/y7jtuk/cant_touch_this_jpow/,False,False,False,False,False
For Real,74964,rtnrwt,https://i.redd.it/pgozixpf14981.jpg,1250,1641057655.0,,2022-01-02 02:20:55,0.93,yimiemie,wallstreetbets,/r/wallstreetbets/comments/rtnrwt/for_real/,False,False,False,False,False
Investors hard at work.,74951,ynb3tk,https://v.redd.it/lktpsnjm28y91,3805,1667693226.0,,2022-11-06 09:07:06,0.91,henrypdx,wallstreetbets,/r/wallstreetbets/comments/ynb3tk/investors_hard_at_work/,False,False,False,False,False
GME after the earnings dip,74757,tldlqk,https://v.redd.it/h1b1ft9e37p81,1342,1648068268.0,,2022-03-24 05:44:28,0.88,nams0,wallstreetbets,/r/wallstreetbets/comments/tldlqk/gme_after_the_earnings_dip/,False,False,False,False,False
buy now or be priced out forever,74603,xjdm3w,https://i.redd.it/iwjutujgk1p91.jpg,3006,1663691831.0,,2022-09-21 01:37:11,0.9,[deleted],wallstreetbets,/r/wallstreetbets/comments/xjdm3w/buy_now_or_be_priced_out_forever/,False,False,False,False,False
Knock knock. You're next.,72291,vc9ob6,https://i.redd.it/jvmipe7jnm591.jpg,5099,1655230169.0,,2022-06-15 03:09:29,0.87,silverchia,wallstreetbets,/r/wallstreetbets/comments/vc9ob6/knock_knock_youre_next/,False,False,False,False,False
Lawsuit secured or how to cause $8+ billion in damage for just $8!,71228,ysturq,https://i.redd.it/c8zf3u5izgz91.jpg,2458,1668218975.0,,2022-11-12 11:09:35,0.87,eichenes,wallstreetbets,/r/wallstreetbets/comments/ysturq/lawsuit_secured_or_how_to_cause_8_billion_in/,False,False,False,False,False
The All Star Team of Scamming.,71149,yzqb6e,https://i.redd.it/vbhb1vrd101a1.jpg,5270,1668903518.0,,2022-11-20 09:18:38,0.89,Special_Yam_1174,wallstreetbets,/r/wallstreetbets/comments/yzqb6e/the_all_star_team_of_scamming/,False,False,False,False,False
